Abou Dhabi - Abou Dabi ---> Aboudabiens - Aboudhabiens - Aboudhabien - Aboudhabienne - Aboudabienne - Aboudabien - Aboudabiennes - Aboudhabiennes
Abyssinie ---> Abyssiniennes - Abyssines - Abyssinien - Abyssinienne - Abyssiniens - Abyssin - Abyssins - Abyssine
Afghanistan ---> Afghan - Afghane - Afghanes - Afghans
Afrique de l'Est ---> Est-Africains
Afrique du Nord ---> Nord-Africains
Afrique du Sud ---> Sud-Africaines - Sud-Africaine - Sud-Africains - Sud-Africain
Albanie ---> Albanais - Albanaise - Albanaises
Algérie ---> Algériennes - Algérien - Algérienne - Algériens
Allemagne ---> Allemands - Allemand - Allemandes - Allemande
Amérique - Amériques ---> Américains
Amérique centrale ---> Centraméricains
Amérique du Nord ---> Nord-Américains
Amérique du Sud ---> Sud-Américains
Andorre ---> Andorrane - Andorrans - Andorran - Andorranes
Angola ---> Angolaise - Angolais - Angolaises
Antigua-et-Barbuda ---> Antiguaise-et-Barbudienne - Antiguayen - Antiguayenne - Antiguais-et-Barbudiens
Arabie saoudite - Arabie séoudite ---> Saoudiens - Saoudien - Saoudiennes - Saoudienne - Séoudien - Séoudienne - Séoudiennes - Séoudiens
Argentine ---> Argentine - Argentin - Argentines - Argentins
Arménie ---> Arménien - Arménienne - Arméniennes - Arméniens
Australie ---> Australiennes - Australien - Australienne - Australiens
Autriche ---> Autrichiennes - Autrichiens - Autrichienne - Autrichien
Autriche-Hongrie ---> Austro-Hongrois
Azerbaïdjan ---> Azerbaïdjanaises - Azérie - Azerbaïdjanaise - Azéris - Azéries - Azéri - Azerbaïdjanais
Bahamas ---> Bahaméen - Bahamien - Bahamiens - Bahaméennes - Bahamiennes - Bahaméenne - Bahaméens - Bahamienne
Bahreïn ---> Bahreïniens - Bahreïni - Bahreïnie - Bahreïniennes - Bahreïnien - Bahreïnies - Bahreïnienne - Bahreïnis
Bandar Seri Begawan ---> Bandaroise - Bandarois - Bandaroises
Bangladesh ---> Bangladais - Bangladaises - Bangladaise
Banja Luka ---> Banilucienne - Baniluciens - Baniluciennes - Banilucien
Barbade ---> Barbadien - Barbadienne - Barbadiens - Barbadiennes
Bavière ---> Bavarois
Beau Bassin-Rose Hill ---> Beaubassinoises - Beaubassinoise - Beaubassinois
Belgique ---> Belges - Belge
Bhoutan ---> Bhoutanais - Bhoutanaise - Bhoutanaises
Birmanie ---> Birmane - Birmans - Birman - Birmanes
Birmanie ---> Myanmarais - Myanmaraise - Myanmaraises
Bissao - Bissau ---> Bissaliennes - Bissalienne - Bissaliens - Bissalien
Biélorussie - Bélarus ---> Bélarusse - Biélorusses - Biélorusse - Bélarusses
Bolivie ---> Boliviens - Bolivienne - Boliviennes - Bolivien
Bosnie-Herzégovine ---> Bosnienne - Bosniaque - Bosnien - Bosniaques - Bosniennes - Bosniens
Botswana ---> Botswanéen - Botswanéenne - Botswanais - Botswanaise - Botswanaises - Botswanéennes - Botswanéens
Brasilia ---> Brasilien - Brasilienne - Brasiliens - Brasiliennes
Brunei Darussalam - Brunei ---> Brunéien - Brunéiennes - Brunéienne - Brunéiens
Brésil ---> Brésilienne - Brésiliennes - Brésiliens - Brésilien
Buenos Aires ---> Portègne - Buenos-Airienne - Portègnes - Buenos-Airien
Bulgarie ---> Bulgares - Bulgare
Burkina Faso ---> Burkinabé - Burkinabées - Burkinabè - Burkinabée - Burkinabés
Burundi ---> Burundais - Burundaise - Burundaises
Bélize - Belize ---> Bélizienne - Béliziens - Bélizien - Bélizéens - Béliziennes - Bélizéen - Bélizéennes - Bélizais - Bélizais - Bélizéenne - Bélizaise - Bélizaises
Bénin ---> Béninois - Béninoise - Béninoises
Cabo Verde - Cap-Vert ---> Cap-Verdiens - Capverdienne - Cap-Verdien - Cap-Verdienne - Capverdien - Cap-Verdiennes - Capverdiennes - Capverdiens
Cameroun Cameroun ---> Camerounais - Camerounaise - Camerounaises
Canada Canada ---> Canadiens - Canadienne - Canadiennes - Canadien
Canton de Berne - Berne ---> Bernoise - Bernoises - Bernois
Caracas ---> Caraquègnes - Caracassienne - Caracassiennes - Caracassiens - Caracassien - Caraquègne
Centrafrique - République centrafricaine ---> Centrafricains - Centrafricain - Centrafricaine - Centrafricaines
Chili ---> Chiliens - Chiliennes - Chilien - Chilienne
Chypre ---> Chypriotes - Cypriote - Cypriotes - Chypriote
Colombie ---> Colombiennes - Colombien - Colombienne - Colombiens
Comores ---> Comoriens - Comoriennes - Comorienne - Comorien
Congo - Congo-Brazzaville - République du Congo ---> Congolaise - Congolais - Congolaises
Corée du Nord ---> Nord-Coréens - Nord-Coréenne - Nord-Coréen - Nord-Coréennes
Corée du Sud ---> Sud-Coréenne - Sud-Coréens - Sud-Coréen - Sud-Coréennes
Costa Rica ---> Costaricaines - Costaricains - Costaricaine - Costaricien - Costariciens - Costaricain - Costaricienne - Costariciennes
Croatie ---> Croate - Croates
Cuba ---> Cubain - Cubains - Cubaine - Cubaines
Côte d'Ivoire ---> Ivoiriens - Ivoirien - Ivoiriennes - Ivoirienne
Danemark ---> Danoise - Danoises - Danois
Dantzick - Gdańsk - Dantzig ---> Dantzickois - Gdanskoise - Gdanskoises - Dantzickoise - Gdanskois - Dantzickoises
Dar es Salam ---> Salamite - Salamites
Djibouti ---> Djiboutienne - Djiboutiennes - Djiboutiens - Djiboutien
Dominique ---> Dominiquais - Dominiquaise - Dominiquaises
Drobogée - Dobroudja ---> Dobrogéen - Dobrogéens - Dobrogéennes - Dobrogéenne
Dubaï - Doubaï ---> Dubaïotes - Doubaïens - Doubaïenne - Doubaïotes - Dubaïote - Doubaïen - Doubaïote - Doubaïennes
Espagne ---> Espagnols - Espagnoles - Espagnol - Espagnole
Estonie ---> Estonien - Estoniens - Estoniennes - Estonienne
Eswatini ---> Eswatini - Eswatinis - Swatinien - Swatiniennes - Swatinienne - Eswatinienne - Eswatiniennes - Swatiniens
Fidji ---> Fidjiens - Fidjienne - Fidjiennes - Fidjien
Finlande ---> Finlandais - Finlandaises - Finlandaise
Formose ---> Formosan - Formosanes - Formosans - Formosane
France ---> Français - Française - Françaises
Gabon ---> Gabonaises - Gabonais - Gabonaise
Gambie ---> Gambien - Gambiennes - Gambienne - Gambiens
Ghana ---> Ghanéen - Ghanéennes - Ghanéenne - Ghanéens
Grande-Bretagne - Royaume-Uni ---> Britanniques - Britannique
Grenade ---> Grenadiennes - Grenadienne - Grenadien - Grenadiens
Grèce - République hellénique ---> Grecques - Grecs - Grecque - Grec
Guatémala - Guatemala ---> Guatémaltèque - Guatémaltèques - Guatémalienne - Guatémaliens - Guatémalien - Guatémaliennes
Guinée ---> Guinéennes - Guinéens - Guinéen - Guinéenne
Guinée équatoriale ---> Équatoguinéenne - Équatoguinéens - Équatoguinéen - Équatoguinéennes - Équato-Guinéenne - Équato-Guinéens - Équato-Guinéennes - Équato-Guinéen
Guinée-Bissau - Guinée-Bissao ---> Bissau-Guinéen - Bissau-Guinéennes - Bissaoguinéens - Bissaoguinéennes - Bissau-Guinéenne - Bissau-Guinéens - Bissaoguinéenne - Bissao-Guinéenne - Bissao-Guinéens - Bissaoguinéen - Bissao-Guinéen - Bissao-Guinéennes
Guyana - République du Guyana ---> Guyanaises d'après le Petit Robert. - Guyaniens - Guyanien - Guyanais - Guyanaise - Guyaniennes - Guyanienne
Géorgie ---> Géorgien - Géorgiens - Géorgienne - Géorgiennes
Haute-Volta ---> Voltaïque - Voltaïques
Haïti ---> Haïtiens - Haïtiennes - Haïtien - Haïtienne
Honduras ---> Hondurienne - Hondurien - Honduriennes - Honduriens
Hong Kong ---> Hongkongaise - Hongkongais - Hongkongaises
Hongrie ---> Hongroise - Hongrois - Hongroises
Iași - Jassy ---> Jassien - Jassienne - Jassiennes - Jassiens
Inde ---> Indien - Indiens - Indienne - Indiennes
Indochine ---> Indochinois - Indochinoises - Indochinoise
Indonésie ---> Indonésienne - Indonésien - Indonésiens - Indonésiennes
Iran - Perse ---> Iraniens - Iranienne - Iranien - Iraniennes
Iraq - Irak ---> Irakien - Iraquiens - Irakienne - Iraquienne - Irakiennes - Iraquien - Iraquiennes - Irakiens
Irian Jaya ---> Irianais - Irianaise - Irianaises
Irlande ---> Irlandaise - Irlandaises - Irlandais
Islande ---> Islandaises - Islandais - Islandaise
Israël ---> Israélien - Israéliennes - Israélienne - Israéliens
Italie ---> Italien - Italiennes - Italienne - Italiens
Jamaïque ---> Jamaïcaine - Jamaïquaine - Jamaïcains - Jamaïquaines - Jamaïcaines - Jamaïcain - Jamaïquain - Jamaïquains
Japon ---> Japonaises - Japonaise - Japonais - Nippones - Nipponne - Nippone - Nippon - Nippons
Jordanie ---> Jordaniennes - Jordanienne - Jordaniens - Jordanien
Kampuchéa démocratique - Kampuchéa - Cambodge ---> Cambodgiennes - Cambodgien - Cambodgiens - Cambodgienne
Kazakhstan ---> Kazakhs - Kazakhstanais - Kazakhes - Kazakhstanaises - Kazakh - Kazakhstanaise - Kazakhe
Kirghizistan - Kirghizstan - Kirghizie ---> Kirghiz - Kirghizes - Kirghize
Kiribati - Kiribati ---> Kiribatiens - Kiribatien - Kiribatienne - Kiribatiennes
Kobé - Kobe ---> Kobéennes - Kobéenne - Kobéens - Kobéen
Kosovo ---> Kosovar - Kossovienne - Kosovars - Kosovare - Kossovien - Kossoviens - Kossoviennes - Kosovares
Koweït ---> Koweïtienne - Koweïtien - Koweïtiennes - Koweïtiens
Kuala Lumpur ---> Kaélois - Kaéloises - Kaéloise
Kénya - Kenya  ---> Kényan - Kényane - Kényans - Kényanes
La Havane ---> Havanaises - Havanais - Havanaise
La Haye ---> Haguenaise - Haguenoises - Haguenaises - Haguenois - Haguenoise - Haguenais
La Mecque ---> Mecquois
La Paz ---> Pacéniennes - Pacéniens - Pacénien - Pacénienne
La Valette ---> Valettin - Valettines - Valettins - Valettine
Laos ---> Laotien - Laotiens - Laotiennes - Laotienne
Le Caire ---> Cairote - Cairotes
Le Cap ---> Captoniens - Captonien - Captoniennes - Captonienne
Lettonie ---> Lettones - Lettonne - Letton - Lettonnes - Lettone - Lettons
Liban ---> Libanaise - Libanais - Libanaises
Libye ---> Libyenne - Libyens - Libyennes - Libyen
Libéria - Liberia ---> Libériens - Libérienne - Libériennes - Libérien
Liechtenstein ---> Liechtensteinoise - Liechtensteinois - Liechtensteinoises
Lituanie ---> Lituaniennes - Lituanien - Lituanienne - Lituaniens
Luxembourg ---> Luxembourgeois - Luxembourgeoise - Luxembourgeoises
Lésotho - Lesotho ---> Lésothien - Lésothiennes - Lesothane - Lesothans - Lésothienne - Lésothiens - Lesothanes - Lesothan
Macédoine du Nord ---> Macédonienne - Macédonien - Macédoniennes - Macédoniens
Madagascar ---> Malgache - Malgaches
Madras - Chennai ---> Madrasiens - Madrasiennes - Madrasien - Madrasienne
Malaisie ---> Malaisienne - Malaysiennes - Malaisiens - Malaises - Malaysien - Malaisiennes - Malaisien - Malais - Malaise - Malaysiens - Malaysienne
Malawi ---> Malawiennes - Malawiens - Malawienne - Malawites - Malawite - Malawien
Maldives ---> Maldiviennes - Maldivienne - Maldiviens - Maldivien
Mali ---> Maliens - Malien - Malienne - Maliennes
Malte ---> Maltaise - Maltais - Maltaises
Maroc ---> Marocains - Marocaine - Marocain - Marocaines
Mauritanie ---> Mauritanienne - Mauritaniens - Mauritanien - Mauritaniennes
Mexique ---> Mexicaine - Mexicaines - Mexicains - Mexicain
Micronésie - États fédérés de Micronésie ---> Micronésien - Micronésienne - Micronésiens - Micronésiennes
Mogadiscio - Muqdisho ---> Mogadiscienne - Mogadiscien - Mogadisciens - Mogadisciennes
Moldavie - République de Moldavie ---> Moldave - Moldaves
Monaco ---> Monégasques - Monégasque
Mongolie ---> Mongole - Mongol - Mongols - Mongoles
Monténégro ---> Monténégrine - Monténégrin - Monténégrines - Monténégrins
Mozambique ---> Mozambicains - Mozambicaines - Mozambicain - Mozambicaine
Mutsamudu - Moutsamoudou ---> Moutsamoudaises - Moutsamoudais - Moutsamoudaise
Myanmar ---> Myanmaraises - Myanmarais - Myanmarais - Myanmaraise
Méditerranée ---> Méditerranéens
Namibie ---> Namibiennes - Namibien - Namibiens - Namibienne
Nauru ---> Nauruans - Nauruane - Nauruan - Nauruanes
New Delhi ---> New-Delhiens - New-Delhiennes - Delhiites - New-Delhien - New-Delhienne - Delhiite
Nicaragua ---> Nicaraguayen - Nicaraguayens - Nicaraguayennes - Nicaraguayenne
Niger ---> Nigérienne - Nigériens - Nigérien - Nigériennes
Nigeria - Nigéria ---> Nigérian - Nigérianes - Nigériane - Nigérians
Nioué - Niue ---> Niouéennes - Niouéens - Niouéenne - Niouéen
Norvège ---> Norvégiens - Norvégien - Norvégiennes - Norvégienne
Noursoultan - Astana ---> Astanais - Astanaise - Astanaises
Nouvelle-Zélande ---> Néo-Zélandaise - Néozélandaises - Néozélandaise - Néo-Zélandaises - Néozélandais - Néo-Zélandais
Népal ---> Népalaises - Népalais - Népalaise
Oman ---> Omanaises - Omanies - Omani - Omanaise - Omanais - Omanie - Omanis
Ouganda ---> Ougandais - Ougandaise - Ougandaises
Ouzbékistan ---> Ouzbeks - Ouzbèques - Ouzbèkes - Ouzbek - Ouzbèque - Ouzbèke
Pakistan ---> Pakistanaise - Pakistanais - Pakistanaises
Palaos ---> Palauanes - Palaosien - Palaosiennes - Palaois - Palaoise - Palauan - Palauans - Palaosiens - Palaoises - Palauane - Palaosienne
Palestine ---> Palestinien - Palestinienne - Palestiniennes - Palestiniens
Panama ---> Panamienne - Panamiennes - Panaméen - Panaméennes - Panamien - Panaméenne - Panaméens - Panamiens
Papouasie-Nouvelle-Guinée ---> Papouasiennes - Papouanes-Néo-Guinéennes - Papouans-Néo-Guinéens - Papouasiens - Papouan-Néo-Guinéen - Papouasien - Papouasienne - Papouane-Néo-Guinéenne
Paraguay ---> Paraguayenne - Paraguayen - Paraguayennes - Paraguayens
Pays-Bas ---> Néerlandaise - Néerlandais - Néerlandaises
Philippines ---> Philippins - Philippin - Philippine - Philippines
Phnom Penh ---> Phnompenhois - Phnompenhoise - Phnompenhoises
Pologne ---> Polonaises - Polonais - Polonaise
Port Moresby ---> Moresbiens - Moresbien - Moresbienne - Moresbiennes
Portugal ---> Portugaises - Portugaise - Portugais
Proche-Orient - Levant ---> Levantins
Pérou ---> Péruvien - Péruviens - Péruviennes - Péruvienne
Qatar ---> Qatariennes - Qatarien - Qatarie - Qatariens - plus rarement Qatariote - Qataris - Qatariotes . - Qatarienne - Qatari - Qataries
Quatre Bornes ---> Quatrebornaise - Quatrebornais - Quatrebornaises
Rhodésie ---> Rhodésien - Rhodésiennes - Rhodésienne - Rhodésiens
Roumanie ---> Roumains - Roumaine - Roumain - Roumaines
Russie ---> Russe - Russes
Rwanda ---> Rwandais - Rwandaises - Ruandaise - Rwandaise - Ruandais - Ruandaises glottonymes
Région de Bicol - Bicol ---> Bicolano
République dominicaine ---> Dominicain - Dominicaine - Dominicains - Dominicaines
République du Dahomey ---> Dahoméens - Dahoméen - Dahoméennes - Dahoméenne
République démocratique du Congo - Congo-Kinshasa ---> Congolaise - Congolais - Congolaises
République fédérative socialiste de Yougoslavie - Yougoslavie ---> Yougoslave - Yougoslaves
République populaire de Chine - Chine ---> Chinoises - Chinois - Chinoise
République socialiste du Viêt Nam - Viêt Nam - Vietnam - Viet Nam ---> Vietnamienne - Vietnamien - Vietnamiennes - Vietnamiens
Saint-Kitts-et-Nevis - Saint-Christophe-et-Niévès ---> Kittitien-et-Névicien - Kittitienne-et-Névicienne - Christophiennes - Kittitien-et-Néviciens - Kittitiennes-et-Néviciennes - Kittitien et Névicien - Kittitienne et Névicienne - Christophienne - Kittitien et Néviciens - Kittitiennes et Néviciennes - Christophien - Christophiens
Saint-Marin ---> Saint-Marinais - Saint-Marinaises - San-Marinais - San-Marinaise - Saint-Marinaise - San-Marinaises
Saint-Vincent-et-les-Grenadines ---> Vincentais - Saint-Vincentais et Grenadin - Saint-Vincentaise-et-Grenadine - Saint-Vincentais et Grenadins - Vincentaise - Saint-Vincentaises-et-Grenadines - Vincentaises - Saint-Vincentaises et Grenadines - Saint-Vincentais-et-Grenadins - Saint-Vincentaise et Grenadine - Saint-Vincentais-et-Grenadin
Sainte-Lucie ---> Luciennes - Saint-Lucienne - Saint-Luciennes - Lucien - Lucienne - Saint-Lucien - Saint-Luciens - Luciens
Salvador ---> Salvadorienne - Salvadorien - Salvadoriennes - Salvadoriens
Samoa ---> Samoen - Samoane - Samoennes - Samoanes - Samoans - Samoenne - Samoens - Samoan
San José ---> Joséfien - Joséfiennes - Joséfienne - Joséfiens
San Salvador ---> Salvadoraise - Salvadorais - Salvadoraises
Santiago de Cuba ---> Santiaguaise - Santiaguaises - Santiaguais
Sao Tomé ---> Santoméens - Santoméenne - Santoméen - Santoméennes
Sao Tomé-et-Principe ---> Santoméens - Santoméenne - Santoméen - Santoméennes
Serbie ---> Serbe - Serbes
Seychelles ---> Seychellois - Seychelloise - Seychelloises
Siam ---> Siamois - Siamoise - Siamoises
Sierra Leone ---> Sierra-Léoniennes - Sierra-Léonais - Sierra-Léonienne - Sierra-Léonaise - Sierra-Léonaises - Sierra-Léoniens - Sierraléonaises - Sierraléonais - Sierraléonaise - Sierra-Léonien
Singapour ---> Singapouriens - Singapourien - Singapourienne - Singapouriennes
Slovaquie ---> Slovaque - Slovaques
Slovénie ---> Slovène - Slovènes
Somalie ---> Somaliens - Somalien - Somaliennes - Somalienne
Somaliland ---> Somalilandaise - Somalilandaises - Somalilandais
Soudan ---> Soudanais - Soudanaise - Soudanaises
Soudan du Sud ---> Sud-Soudanaises - Sudsoudanais - Sudsoudanaise - Sudsoudanaises - Sud-Soudanais - Sud-Soudanaise
Sri Lanka ---> anciennement Ceylanais - Ceylanaises - Ceylanais - Sri-Lankaises - Srilankais - Sri-Lankaise - Srilankaise - Sri-Lankais - Ceylanaise - Srilankaises
Suisse ---> Suissesse - Suisse - l'adjectif diffère du nom au féminin - Suissesses. Cas unique en français - Suisses
Suriname ---> Surinamaise - Surinamais - Surinamiens - Surinamiennes - Surinamien - Surinamienne - Surinamaises
Suède ---> Suédoise - Suédois - Suédoises
Syrie ---> Syriens - Syrienne - Syriennes - Syrien
Sénégal ---> Sénégalais - Sénégalaise - Sénégalaises
Tadjikistan ---> Tadjikes - Tadjiks - Tadjik - Tadjike
Tanzanie ---> Tanzaniens - Tanzaniennes - Tanzanien - Tanzanienne
Tarawa - Bairiki ---> Tarawais - Tarawaises - Tarawaise
Taïwan ---> Taïwanaise - Taïwanais - Taïwanaises
Tchad ---> Tchadiennes - Tchadien - Tchadienne - Tchadiens
Tchécoslovaquie ---> Tchèque - Tchécoslovaque - Tchécoslovaques - Tchèques
Tchéquie ---> Tchèque - Tchèques
Tel-Aviv-Jaffa - Tel-Aviv - Tel Aviv-Jaffa ---> Telaviviennes - Telavivien - Telaviviens - Telavivienne
Terre de Feu ---> Fuégien - Fuégiens - Fuégiennes - Fuégienne
Thaïlande ---> Thaïlandais - Thaïlandaises - Thaïlandaise
Timor oriental ---> Est-Timoraises - Est-Timoraise - Timorais - Est-Timorais - Timoraises - Timoraise
Togo ---> Togolais - Togolaise - Togolaises
Tonga ---> Tongane - Tongiens - Tongan - Tongiennes - Tonguienne - Tonganes - Tongienne - Tongien - Tongans - Tonguiennes - Tonguiens - Tonguien
Trinité-et-Tobago - Trinidad-et-Tobago ---> Trinidadiennes, - Trinidadienne - Trinidadiens - Trinidadien
Tunisie ---> Tunisien - Tunisiens - Tunisiennes - Tunisienne
Turkménie - Turkménistan ---> Turkmènes - Turkmène
Turquie ---> Turque - Turques - Turcs - Turc
Tuvalu ---> Tuvaluan - Tuvalaise - Tuvaluans - Tuvalaises - Tuvaluane - Tuvalais - Tuvaluanes
URSS - Union soviétique ---> Soviétique - Soviétiques
Ukraine ---> Ukrainienne - Ukrainien - Ukrainiennes - Ukrainiens
Uruguay ---> Uruguayennes - Uruguayen - Uruguayenne - Uruguayens
Valachie ---> Valaque - Valaques
Vanuatu ---> Vanouatais - Vanuatuans - Ni-Vanuatu - Vanuatais - Vanuatuanes - Vanuatuan - Vanouataise - Vanuataises - Vanuataise - Vanuatuane - Vanouataises
Vénézuéla - Venezuela ---> Vénézuélien - Vénézuélienne - Vénézuéliens - Vénézuéliennes
Wrocław - Vratislavie ---> Breslavienne - Breslavien - Breslaviens - BreslaviennesN
Yémen ---> Yéménites - Yéménite
Zambie ---> avant l'indépendance - Zambiennes - Rhodésie du Nord - Zambienne - Zambiens - Zambien
Zaïre ---> Zaïroises - Zaïroise - Zaïrois
Zimbabwe ---> Zimbabwéenne - Zimbabwéen - Zimbabwéens - Zimbabwéennes
archipel des Moluques - Moluques ---> Moluquoises - Moluquois - Moluquoise
mer Noire ---> Pontiques
région d'Aceh - Aceh ---> Atjehnaise - Atjehnaises - Atjehnais - Acehnais - Acehnaise - Acehnaises
Égypte ---> Égyptiens - Égyptienne - Égyptien - Égyptiennes
Émirats arabes unis ---> Émirati - Émirienne - Émiraties - Émiriens - Émirien - Émiratie - Émiriennes - Émiratis
Équateur ---> Équatoriens - Équatoriennes - Équatorienne - Équatorien
Érythrée ---> Érythréennes - Érythréens - Érythréen - Érythréenne
États-Unis - États-Unis d'Amérique ---> États-Unien - Américains - Américain - États-Uniennes - Américaine - Américaines - États-Unienne - États-Uniens
Éthiopie ---> Éthiopiennes - Éthiopiens - Éthiopienne - Éthiopien
Île Maurice - Maurice ---> Mauriciennes - Mauricien - Mauricienne - Mauriciens
Île de Bali - Bali ---> Balinaises - Balinaise - Balinais
Île de Bornéo - Bornéo ---> Bornéenne - Bornéens - Bornéen - Bornéennes
Île de Gorée ---> Goréennes - Goréens - Goréenne - Goréen
Île de Java - Java ---> Javanaises - Javanais - Javanaise
Île de Sumatra - Sumatra ---> Sumatranais - Sumatranaises - Sumatranaise
Îles Féroé ---> Féringienne - Féroïens - Féringiens - Féroïennes - Féringiennes - Féroïen - Féringien - Féroïenne
Îles Marshall ---> Marshallaise - Marshallais - Marshallaises
Îles Salomon ---> Salomoniennes - Salomoniens - Salomonien - Salomonaise - Salomonais - Salomonaises - Salomonienne